{
  "game": {
    "time": 1209420000,
    "paused": false,
    "telemetryPluginVersion": 5,
    "gameVersion": "1.13"
  },
  "userInput": {
    "steer": 0,
    "throttle": 0,
    "brake": 0,
    "clutch": 0
  },
  "truck": {
    "id": "scania",
    "make": "Scania",
    "model": "Streamline",
    "lightsDashboard": true,
    "engine": {
      "rpm": 1702.4654541015625,
      "rpmMax": 2500,
      "oilPressure": 73.68538665771484,
      "oilTemperature": 64.42769622802734,
      "waterTemperature": 33.22047805786133,
      "batteryVoltage": 24.36504364013672,
      "wear": 0.00009000002319226041
    },
    "transmission": {
      "gear": 5,
      "displayedGear": 5,
      "gearsForward": 12,
      "gearsReverse": 2,
      "gearRanges": 0,
      "currentRange": 0,
      "shifterSlot": 0,
      "shifterToggle": 0,
      "ratioForward": [
        11.319999694824219,
        9.131999969482422,
        7.206999778747559,
        5.814000129699707,
        4.6479997634887695,
        3.75,
        3.0190000534057617,
        2.434999942779541,
        1.9220000505447388,
        1.5499999523162842,
        1.2400000095367432,
        1
      ],
      "ratioReverse": [
        -11.001999855041504,
        -8.875
      ],
      "ratioDifferential": 2.7100000381469727,
      "wear": 0.00009000002319226041
    },
    "fuel": {
      "amount": 385.1269836425781,
      "capacity": 600,
      "rate": 0,
      "avgConsumption": 0.9633743762969971,
      "range": 782.2891845703125,
      "warning": false,
      "adblue": 69.25634765625,
      "adblueConsumption": 0
    },
    "lights": {
      "blinkerLeftActive": false,
      "blinkerRightActive": false,
      "blinkerLeftOn": false,
      "blinkerRightOn": false,
      "lightsParkingOn": true,
      "lightsBeamLowOn": true,
      "lightsBeamHighOn": true,
      "lightsAuxFrontOn": false,
      "lightsAuxRoofOn": false,
      "lightsBeaconOn": false,
      "lightsBrakeOn": false,
      "lightsReverseOn": false
    },
    "metrics": {
      "speed": 7.178999900817871,
      "cruiseControlSpeed": 0,
      "odometer": 67733.796875,
      "steer": -0.004972894210368395,
      "throttle": 1.401298464324817e-45,
      "brake": 0,
      "clutch": 0,
      "retarderBrake": 0,
      "airPressure": 134.7050018310547,
      "brakeTemperature": 15,
      "adblue": 69.25634765625,
      "adblueConsumption": 0,
      "oilPressure": 73.68538665771484,
      "oilTemperature": 64.42769622802734,
      "waterTemperature": 33.22047805786133,
      "batteryVoltage": 24.36504364013672,
      "fuel": 385.1269836425781,
      "fuelAvgConsumption": 0.9633743762969971
    },
    "indicators": {
      "cruiseControlOn": false,
      "wipersOn": true,
      "parkBrakeOn": false,
      "motorBrakeOn": false,
      "electricOn": false,
      "engineOn": true,
      "batteryVoltageWarningOn": false,
      "airPressureWarningOn": false,
      "airPressureEmergencyOn": false,
      "adblueWarningOn": false,
      "oilPressureWarningOn": false,
      "waterTemperatureWarningOn": false
    },
    "wear": {
      "engine": 0.00009000002319226041,
      "transmission": 0.00009000002319226041,
      "cabin": 0,
      "chassis": 0,
      "wheels": 0.0008999996352940798
    },
    "acceleration": {
      "x": -0.01325222197920084,
      "y": -0.002385974396020174,
      "z": 0.5063923001289368
    },
    "coordinates": {
      "x": 9868.775390625,
      "y": 41.67945098876953,
      "z": -11203.3154296875
    },
    "rotation": {
      "x": 0.7278191447257996,
      "y": 0.00024823943385854363,
      "z": 0.0005508547183126211
    }
  },
  "trailer": {
    "attached": true,
    "id": "empty_palet",
    "name": "Empty Palettes",
    "mass": 22080,
    "wear": 0
  },
  "job": {
    "income": 2095,
    "deadline": 1258320000,
    "onJob": true,
    "jobFinished": false,
    "source": {
      "city": "Berlin",
      "company": "Sanbuilders"
    },
    "destination": {
      "city": "Szczecin",
      "company": "TransiNet"
    }
  },
  "navigation": {
    "speedLimit": 80,
    "estDistance": 126370,
    "estTime": 1216767141,
    "estDuration": 7347141
  }
}